"","colony","species","year","plot","plotgroup","count"
"1","Ramsay Island","ANMU",1984,"p1","anmuplots",20
"57","Ramsay Island","ANMU",1992,"p1","anmuplots",21
"113","Ramsay Island","ANMU",2002,"p1","anmuplots",22
"169","Ramsay Island","ANMU",2007,"p1","anmuplots",21
"225","Ramsay Island","ANMU",2012,"p1","anmuplots",39
"1625","Ramsay Island","ANMU",1984,"p2","anmuplots",7
"1681","Ramsay Island","ANMU",1992,"p2","anmuplots",10
"1737","Ramsay Island","ANMU",2002,"p2","anmuplots",12
"1793","Ramsay Island","ANMU",2007,"p2","anmuplots",16
"1849","Ramsay Island","ANMU",2012,"p2","anmuplots",16
"3249","Ramsay Island","ANMU",1984,"p3","anmuplots",11
"3305","Ramsay Island","ANMU",1992,"p3","anmuplots",13
"3361","Ramsay Island","ANMU",2002,"p3","anmuplots",10
"3417","Ramsay Island","ANMU",2007,"p3","anmuplots",11
"3473","Ramsay Island","ANMU",2012,"p3","anmuplots",19
"4873","Ramsay Island","ANMU",1984,"p4","anmuplots",35
"4929","Ramsay Island","ANMU",1992,"p4","anmuplots",42
"4985","Ramsay Island","ANMU",2002,"p4","anmuplots",47
"5041","Ramsay Island","ANMU",2007,"p4","anmuplots",45
"5097","Ramsay Island","ANMU",2012,"p4","anmuplots",47
"6497","Ramsay Island","ANMU",1984,"p5","anmuplots",22
"6553","Ramsay Island","ANMU",1992,"p5","anmuplots",29
"6609","Ramsay Island","ANMU",2002,"p5","anmuplots",34
"6665","Ramsay Island","ANMU",2007,"p5","anmuplots",37
"6721","Ramsay Island","ANMU",2012,"p5","anmuplots",40
"8121","Ramsay Island","ANMU",1984,"p6","anmuplots",28
"8177","Ramsay Island","ANMU",1992,"p6","anmuplots",32
"8233","Ramsay Island","ANMU",2002,"p6","anmuplots",36
"8289","Ramsay Island","ANMU",2007,"p6","anmuplots",29
"8345","Ramsay Island","ANMU",2012,"p6","anmuplots",23
"9745","Ramsay Island","ANMU",1984,"p7","anmuplots",7
"9801","Ramsay Island","ANMU",1992,"p7","anmuplots",9
"9857","Ramsay Island","ANMU",2002,"p7","anmuplots",13
"9913","Ramsay Island","ANMU",2007,"p7","anmuplots",18
"9969","Ramsay Island","ANMU",2012,"p7","anmuplots",42
"11369","Ramsay Island","ANMU",1984,"p8","anmuplots",24
"11425","Ramsay Island","ANMU",1992,"p8","anmuplots",34
"11481","Ramsay Island","ANMU",2002,"p8","anmuplots",45
"11537","Ramsay Island","ANMU",2007,"p8","anmuplots",34
"11593","Ramsay Island","ANMU",2012,"p8","anmuplots",55
"12993","Ramsay Island","ANMU",1984,"p9","anmuplots",12
"13105","Ramsay Island","ANMU",2002,"p9","anmuplots",13
"13161","Ramsay Island","ANMU",2007,"p9","anmuplots",18
"13217","Ramsay Island","ANMU",2012,"p9","anmuplots",24
"14617","Ramsay Island","ANMU",1984,"p10","anmuplots",14
"14673","Ramsay Island","ANMU",1992,"p10","anmuplots",23
"14729","Ramsay Island","ANMU",2002,"p10","anmuplots",29
"14785","Ramsay Island","ANMU",2007,"p10","anmuplots",29
"14841","Ramsay Island","ANMU",2012,"p10","anmuplots",31
"16241","Ramsay Island","ANMU",1984,"p11","anmuplots",24
"16297","Ramsay Island","ANMU",1992,"p11","anmuplots",33
"16353","Ramsay Island","ANMU",2002,"p11","anmuplots",47
"16409","Ramsay Island","ANMU",2007,"p11","anmuplots",47
"16465","Ramsay Island","ANMU",2012,"p11","anmuplots",51
"17865","Ramsay Island","ANMU",1984,"p12","anmuplots",14
"17921","Ramsay Island","ANMU",1992,"p12","anmuplots",9
"17977","Ramsay Island","ANMU",2002,"p12","anmuplots",16
"18033","Ramsay Island","ANMU",2007,"p12","anmuplots",15
"18089","Ramsay Island","ANMU",2012,"p12","anmuplots",13
"24361","Ramsay Island","ANMU",1984,"p1","caauplots",0
"24641","Ramsay Island","ANMU",1993,"p1","caauplots",0
"24473","Ramsay Island","ANMU",2002,"p1","caauplots",0
"24529","Ramsay Island","ANMU",2007,"p1","caauplots",0
"24585","Ramsay Island","ANMU",2012,"p1","caauplots",0
"25985","Ramsay Island","ANMU",1984,"p2","caauplots",0
"26265","Ramsay Island","ANMU",1993,"p2","caauplots",0
"26097","Ramsay Island","ANMU",2002,"p2","caauplots",0
"26153","Ramsay Island","ANMU",2007,"p2","caauplots",0
"26209","Ramsay Island","ANMU",2012,"p2","caauplots",0
"27609","Ramsay Island","ANMU",1984,"p3","caauplots",0
"27665","Ramsay Island","ANMU",1992,"p3","caauplots",0
"27889","Ramsay Island","ANMU",1993,"p3","caauplots",0
"27721","Ramsay Island","ANMU",2002,"p3","caauplots",0
"27777","Ramsay Island","ANMU",2007,"p3","caauplots",0
"27833","Ramsay Island","ANMU",2012,"p3","caauplots",0
"29233","Ramsay Island","ANMU",1984,"p4","caauplots",0
"29289","Ramsay Island","ANMU",1992,"p4","caauplots",0
"29513","Ramsay Island","ANMU",1993,"p4","caauplots",0
"29345","Ramsay Island","ANMU",2002,"p4","caauplots",0
"29401","Ramsay Island","ANMU",2007,"p4","caauplots",0
"29457","Ramsay Island","ANMU",2012,"p4","caauplots",0
"30857","Ramsay Island","ANMU",1984,"p5","caauplots",0
"31137","Ramsay Island","ANMU",1993,"p5","caauplots",0
"30969","Ramsay Island","ANMU",2002,"p5","caauplots",0
"31025","Ramsay Island","ANMU",2007,"p5","caauplots",10
"31081","Ramsay Island","ANMU",2012,"p5","caauplots",0
"32481","Ramsay Island","ANMU",1984,"p6","caauplots",0
"32593","Ramsay Island","ANMU",2002,"p6","caauplots",2
"32649","Ramsay Island","ANMU",2007,"p6","caauplots",1
"32705","Ramsay Island","ANMU",2012,"p6","caauplots",0
"34105","Ramsay Island","ANMU",1984,"p7","caauplots",2
"34217","Ramsay Island","ANMU",2002,"p7","caauplots",2
"34273","Ramsay Island","ANMU",2007,"p7","caauplots",0
"34329","Ramsay Island","ANMU",2012,"p7","caauplots",0
"35729","Ramsay Island","ANMU",1984,"p8","caauplots",0
"35785","Ramsay Island","ANMU",1992,"p8","caauplots",0
"35841","Ramsay Island","ANMU",2002,"p8","caauplots",0
"35897","Ramsay Island","ANMU",2007,"p8","caauplots",0
"35953","Ramsay Island","ANMU",2012,"p8","caauplots",0
"37353","Ramsay Island","ANMU",1984,"p9","caauplots",0
"37465","Ramsay Island","ANMU",2002,"p9","caauplots",0
"37521","Ramsay Island","ANMU",2007,"p9","caauplots",0
"37577","Ramsay Island","ANMU",2012,"p9","caauplots",0
"341","George Island","ANMU",1985,"p1","anmuplots",31
"845","George Island","ANMU",1991,"p1","anmuplots",43
"901","George Island","ANMU",1996,"p1","anmuplots",51
"957","George Island","ANMU",2003,"p1","anmuplots",52
"789","George Island","ANMU",2008,"p1","anmuplots",54
"1013","George Island","ANMU",2013,"p1","anmuplots",61
"1069","George Island","ANMU",2017,"p1","anmuplots",47
"1965","George Island","ANMU",1985,"p2","anmuplots",49
"2469","George Island","ANMU",1991,"p2","anmuplots",72
"2525","George Island","ANMU",1996,"p2","anmuplots",77
"2581","George Island","ANMU",2003,"p2","anmuplots",75
"2413","George Island","ANMU",2008,"p2","anmuplots",85
"2637","George Island","ANMU",2013,"p2","anmuplots",91
"2693","George Island","ANMU",2017,"p2","anmuplots",78
"3589","George Island","ANMU",1985,"p3","anmuplots",11
"4093","George Island","ANMU",1991,"p3","anmuplots",18
"4149","George Island","ANMU",1996,"p3","anmuplots",26
"4205","George Island","ANMU",2003,"p3","anmuplots",39
"4037","George Island","ANMU",2008,"p3","anmuplots",45
"4261","George Island","ANMU",2013,"p3","anmuplots",48
"4317","George Island","ANMU",2017,"p3","anmuplots",51
"5213","George Island","ANMU",1985,"p4","anmuplots",32
"5717","George Island","ANMU",1991,"p4","anmuplots",41
"5773","George Island","ANMU",1996,"p4","anmuplots",45
"5829","George Island","ANMU",2003,"p4","anmuplots",41
"5661","George Island","ANMU",2008,"p4","anmuplots",50
"5885","George Island","ANMU",2013,"p4","anmuplots",49
"5941","George Island","ANMU",2017,"p4","anmuplots",48
"6837","George Island","ANMU",1985,"p5","anmuplots",37
"7341","George Island","ANMU",1991,"p5","anmuplots",47
"7397","George Island","ANMU",1996,"p5","anmuplots",53
"7453","George Island","ANMU",2003,"p5","anmuplots",52
"7285","George Island","ANMU",2008,"p5","anmuplots",57
"7509","George Island","ANMU",2013,"p5","anmuplots",73
"7565","George Island","ANMU",2017,"p5","anmuplots",64
"8461","George Island","ANMU",1985,"p6","anmuplots",23
"8965","George Island","ANMU",1991,"p6","anmuplots",26
"9021","George Island","ANMU",1996,"p6","anmuplots",33
"9077","George Island","ANMU",2003,"p6","anmuplots",31
"8909","George Island","ANMU",2008,"p6","anmuplots",31
"9133","George Island","ANMU",2013,"p6","anmuplots",31
"9189","George Island","ANMU",2017,"p6","anmuplots",27
"10085","George Island","ANMU",1985,"p7","anmuplots",37
"10589","George Island","ANMU",1991,"p7","anmuplots",39
"10645","George Island","ANMU",1996,"p7","anmuplots",38
"10701","George Island","ANMU",2003,"p7","anmuplots",42
"10533","George Island","ANMU",2008,"p7","anmuplots",54
"10757","George Island","ANMU",2013,"p7","anmuplots",64
"10813","George Island","ANMU",2017,"p7","anmuplots",69
"11709","George Island","ANMU",1985,"p8","anmuplots",38
"12213","George Island","ANMU",1991,"p8","anmuplots",40
"12269","George Island","ANMU",1996,"p8","anmuplots",46
"12325","George Island","ANMU",2003,"p8","anmuplots",42
"12157","George Island","ANMU",2008,"p8","anmuplots",36
"12381","George Island","ANMU",2013,"p8","anmuplots",42
"12437","George Island","ANMU",2017,"p8","anmuplots",45
"7","Rankine Island","ANMU",1984,"p1","anmuplots",65
"1127","Rankine Island","ANMU",2000,"p1","anmuplots",58
"1183","Rankine Island","ANMU",2005,"p1","anmuplots",61
"1239","Rankine Island","ANMU",2010,"p1","anmuplots",60
"1071","Rankine Island","ANMU",2017,"p1","anmuplots",69
"1631","Rankine Island","ANMU",1984,"p2","anmuplots",21
"2751","Rankine Island","ANMU",2000,"p2","anmuplots",16
"2807","Rankine Island","ANMU",2005,"p2","anmuplots",11
"2863","Rankine Island","ANMU",2010,"p2","anmuplots",18
"2695","Rankine Island","ANMU",2017,"p2","anmuplots",17
"3255","Rankine Island","ANMU",1984,"p3","anmuplots",38
"4375","Rankine Island","ANMU",2000,"p3","anmuplots",31
"4431","Rankine Island","ANMU",2005,"p3","anmuplots",30
"4487","Rankine Island","ANMU",2010,"p3","anmuplots",30
"4319","Rankine Island","ANMU",2017,"p3","anmuplots",37
"4879","Rankine Island","ANMU",1984,"p4","anmuplots",47
"5999","Rankine Island","ANMU",2000,"p4","anmuplots",47
"6055","Rankine Island","ANMU",2005,"p4","anmuplots",54
"6111","Rankine Island","ANMU",2010,"p4","anmuplots",62
"5943","Rankine Island","ANMU",2017,"p4","anmuplots",51
"6503","Rankine Island","ANMU",1984,"p5","anmuplots",56
"7623","Rankine Island","ANMU",2000,"p5","anmuplots",60
"7679","Rankine Island","ANMU",2005,"p5","anmuplots",65
"7735","Rankine Island","ANMU",2010,"p5","anmuplots",80
"7567","Rankine Island","ANMU",2017,"p5","anmuplots",72
"8127","Rankine Island","ANMU",1984,"p6","anmuplots",77
"9247","Rankine Island","ANMU",2000,"p6","anmuplots",70
"9303","Rankine Island","ANMU",2005,"p6","anmuplots",69
"9359","Rankine Island","ANMU",2010,"p6","anmuplots",59
"9191","Rankine Island","ANMU",2017,"p6","anmuplots",43
"9751","Rankine Island","ANMU",1984,"p7","anmuplots",35
"10871","Rankine Island","ANMU",2000,"p7","anmuplots",36
"10927","Rankine Island","ANMU",2005,"p7","anmuplots",38
"10983","Rankine Island","ANMU",2010,"p7","anmuplots",45
"10815","Rankine Island","ANMU",2017,"p7","anmuplots",47
"11375","Rankine Island","ANMU",1984,"p8","anmuplots",37
"12495","Rankine Island","ANMU",2000,"p8","anmuplots",51
"12551","Rankine Island","ANMU",2005,"p8","anmuplots",57
"12607","Rankine Island","ANMU",2010,"p8","anmuplots",70
"12439","Rankine Island","ANMU",2017,"p8","anmuplots",74
"24369","Ramsay Island","CAAU",1984,"p1","caauplots",40
"24649","Ramsay Island","CAAU",1993,"p1","caauplots",43
"24481","Ramsay Island","CAAU",2002,"p1","caauplots",40
"24537","Ramsay Island","CAAU",2007,"p1","caauplots",40
"24593","Ramsay Island","CAAU",2012,"p1","caauplots",53
"25993","Ramsay Island","CAAU",1984,"p2","caauplots",45
"26273","Ramsay Island","CAAU",1993,"p2","caauplots",47
"26105","Ramsay Island","CAAU",2002,"p2","caauplots",55
"26161","Ramsay Island","CAAU",2007,"p2","caauplots",52
"26217","Ramsay Island","CAAU",2012,"p2","caauplots",56
"27617","Ramsay Island","CAAU",1984,"p3","caauplots",34
"27673","Ramsay Island","CAAU",1992,"p3","caauplots",33
"27897","Ramsay Island","CAAU",1993,"p3","caauplots",37
"27729","Ramsay Island","CAAU",2002,"p3","caauplots",33
"27785","Ramsay Island","CAAU",2007,"p3","caauplots",30
"27841","Ramsay Island","CAAU",2012,"p3","caauplots",39
"29241","Ramsay Island","CAAU",1984,"p4","caauplots",40
"29297","Ramsay Island","CAAU",1992,"p4","caauplots",37
"29521","Ramsay Island","CAAU",1993,"p4","caauplots",41
"29353","Ramsay Island","CAAU",2002,"p4","caauplots",40
"29409","Ramsay Island","CAAU",2007,"p4","caauplots",39
"29465","Ramsay Island","CAAU",2012,"p4","caauplots",52
"30865","Ramsay Island","CAAU",1984,"p5","caauplots",58
"31145","Ramsay Island","CAAU",1993,"p5","caauplots",56
"30977","Ramsay Island","CAAU",2002,"p5","caauplots",58
"31033","Ramsay Island","CAAU",2007,"p5","caauplots",51
"31089","Ramsay Island","CAAU",2012,"p5","caauplots",75
"32489","Ramsay Island","CAAU",1984,"p6","caauplots",28
"32601","Ramsay Island","CAAU",2002,"p6","caauplots",41
"32657","Ramsay Island","CAAU",2007,"p6","caauplots",31
"32713","Ramsay Island","CAAU",2012,"p6","caauplots",43
"34113","Ramsay Island","CAAU",1984,"p7","caauplots",18
"34225","Ramsay Island","CAAU",2002,"p7","caauplots",25
"34281","Ramsay Island","CAAU",2007,"p7","caauplots",30
"34337","Ramsay Island","CAAU",2012,"p7","caauplots",39
"35737","Ramsay Island","CAAU",1984,"p8","caauplots",26
"35793","Ramsay Island","CAAU",1992,"p8","caauplots",25
"35849","Ramsay Island","CAAU",2002,"p8","caauplots",27
"35905","Ramsay Island","CAAU",2007,"p8","caauplots",29
"35961","Ramsay Island","CAAU",2012,"p8","caauplots",31
"37361","Ramsay Island","CAAU",1984,"p9","caauplots",56
"37473","Ramsay Island","CAAU",2002,"p9","caauplots",41
"37529","Ramsay Island","CAAU",2007,"p9","caauplots",60
"37585","Ramsay Island","CAAU",2012,"p9","caauplots",92
"55564","Skaang Gwai","CAAU",1985,"p5","rhauplots",7
"57188","Skaang Gwai","CAAU",1985,"p6","rhauplots",16
"57468","Skaang Gwai","CAAU",2006,"p6","rhauplots",13
"57524","Skaang Gwai","CAAU",2011,"p6","rhauplots",10
"57580","Skaang Gwai","CAAU",2016,"p6","rhauplots",20
"58812","Skaang Gwai","CAAU",1985,"p7","rhauplots",4
"59092","Skaang Gwai","CAAU",2006,"p7","rhauplots",6
"59148","Skaang Gwai","CAAU",2011,"p7","rhauplots",3
"59204","Skaang Gwai","CAAU",2016,"p7","rhauplots",9
"60436","Skaang Gwai","CAAU",1985,"p8","rhauplots",29
"60716","Skaang Gwai","CAAU",2006,"p8","rhauplots",4
"60772","Skaang Gwai","CAAU",2011,"p8","rhauplots",7
"60828","Skaang Gwai","CAAU",2016,"p8","rhauplots",11
"24710","East Copper Island","CAAU",1985,"p1","caauplots",18
"25214","East Copper Island","CAAU",1991,"p1","caauplots",19
"25326","East Copper Island","CAAU",2003,"p1","caauplots",20
"25158","East Copper Island","CAAU",2008,"p1","caauplots",22
"25382","East Copper Island","CAAU",2013,"p1","caauplots",28
"25438","East Copper Island","CAAU",2017,"p1","caauplots",25
"26334","East Copper Island","CAAU",1985,"p2","caauplots",27
"26838","East Copper Island","CAAU",1991,"p2","caauplots",32
"26950","East Copper Island","CAAU",2003,"p2","caauplots",31
"26782","East Copper Island","CAAU",2008,"p2","caauplots",37
"27006","East Copper Island","CAAU",2013,"p2","caauplots",47
"27062","East Copper Island","CAAU",2017,"p2","caauplots",45
"27958","East Copper Island","CAAU",1985,"p3","caauplots",56
"28462","East Copper Island","CAAU",1991,"p3","caauplots",45
"28574","East Copper Island","CAAU",2003,"p3","caauplots",43
"28406","East Copper Island","CAAU",2008,"p3","caauplots",35
"28630","East Copper Island","CAAU",2013,"p3","caauplots",36
"28686","East Copper Island","CAAU",2017,"p3","caauplots",31
"29582","East Copper Island","CAAU",1985,"p4","caauplots",48
"30086","East Copper Island","CAAU",1991,"p4","caauplots",51
"30198","East Copper Island","CAAU",2003,"p4","caauplots",46
"30030","East Copper Island","CAAU",2008,"p4","caauplots",47
"30254","East Copper Island","CAAU",2013,"p4","caauplots",56
"30310","East Copper Island","CAAU",2017,"p4","caauplots",62
"31206","East Copper Island","CAAU",1985,"p5","caauplots",52
"31710","East Copper Island","CAAU",1991,"p5","caauplots",52
"31822","East Copper Island","CAAU",2003,"p5","caauplots",36
"31654","East Copper Island","CAAU",2008,"p5","caauplots",38
"31878","East Copper Island","CAAU",2013,"p5","caauplots",44
"31934","East Copper Island","CAAU",2017,"p5","caauplots",36
"32830","East Copper Island","CAAU",1985,"p6","caauplots",36
"33334","East Copper Island","CAAU",1991,"p6","caauplots",38
"33446","East Copper Island","CAAU",2003,"p6","caauplots",22
"33278","East Copper Island","CAAU",2008,"p6","caauplots",19
"33502","East Copper Island","CAAU",2013,"p6","caauplots",25
"33558","East Copper Island","CAAU",2017,"p6","caauplots",35
"24375","Rankine Island","CAAU",1984,"p1","caauplots",77
"25495","Rankine Island","CAAU",2000,"p1","caauplots",33
"25551","Rankine Island","CAAU",2005,"p1","caauplots",29
"25607","Rankine Island","CAAU",2010,"p1","caauplots",35
"25439","Rankine Island","CAAU",2017,"p1","caauplots",35
"25999","Rankine Island","CAAU",1984,"p2","caauplots",32
"27119","Rankine Island","CAAU",2000,"p2","caauplots",24
"27175","Rankine Island","CAAU",2005,"p2","caauplots",29
"27231","Rankine Island","CAAU",2010,"p2","caauplots",30
"27063","Rankine Island","CAAU",2017,"p2","caauplots",40
"27623","Rankine Island","CAAU",1984,"p3","caauplots",57
"28743","Rankine Island","CAAU",2000,"p3","caauplots",50
"28799","Rankine Island","CAAU",2005,"p3","caauplots",64
"28855","Rankine Island","CAAU",2010,"p3","caauplots",59
"28687","Rankine Island","CAAU",2017,"p3","caauplots",59
"29247","Rankine Island","CAAU",1984,"p4","caauplots",29
"30367","Rankine Island","CAAU",2000,"p4","caauplots",23
"30423","Rankine Island","CAAU",2005,"p4","caauplots",25
"30479","Rankine Island","CAAU",2010,"p4","caauplots",27
"30311","Rankine Island","CAAU",2017,"p4","caauplots",31
"30871","Rankine Island","CAAU",1984,"p5","caauplots",43
"31991","Rankine Island","CAAU",2000,"p5","caauplots",35
"32047","Rankine Island","CAAU",2005,"p5","caauplots",37
"32103","Rankine Island","CAAU",2010,"p5","caauplots",35
"31935","Rankine Island","CAAU",2017,"p5","caauplots",41
"32495","Rankine Island","CAAU",1984,"p6","caauplots",60
"33615","Rankine Island","CAAU",2000,"p6","caauplots",48
"33671","Rankine Island","CAAU",2005,"p6","caauplots",59
"33727","Rankine Island","CAAU",2010,"p6","caauplots",60
"33559","Rankine Island","CAAU",2017,"p6","caauplots",50
"34119","Rankine Island","CAAU",1984,"p7","caauplots",49
"35239","Rankine Island","CAAU",2000,"p7","caauplots",21
"35295","Rankine Island","CAAU",2005,"p7","caauplots",23
"35351","Rankine Island","CAAU",2010,"p7","caauplots",24
"35183","Rankine Island","CAAU",2017,"p7","caauplots",26
"35743","Rankine Island","CAAU",1984,"p8","caauplots",50
"36863","Rankine Island","CAAU",2000,"p8","caauplots",37
"36919","Rankine Island","CAAU",2005,"p8","caauplots",30
"36975","Rankine Island","CAAU",2010,"p8","caauplots",28
"36807","Rankine Island","CAAU",2017,"p8","caauplots",24
"25664","Triangle Island","CAAU",1989,"p1","caauplots",86
"25720","Triangle Island","CAAU",1994,"p1","caauplots",96
"25832","Triangle Island","CAAU",2004,"p1","caauplots",46
"25888","Triangle Island","CAAU",2009,"p1","caauplots",38
"25944","Triangle Island","CAAU",2014,"p1","caauplots",54
"27288","Triangle Island","CAAU",1989,"p2","caauplots",187
"27344","Triangle Island","CAAU",1994,"p2","caauplots",151
"27400","Triangle Island","CAAU",1999,"p2","caauplots",115
"27456","Triangle Island","CAAU",2004,"p2","caauplots",105
"27512","Triangle Island","CAAU",2009,"p2","caauplots",98
"27568","Triangle Island","CAAU",2014,"p2","caauplots",137
"28912","Triangle Island","CAAU",1989,"p3","caauplots",257
"28968","Triangle Island","CAAU",1994,"p3","caauplots",213
"29024","Triangle Island","CAAU",1999,"p3","caauplots",197
"29080","Triangle Island","CAAU",2004,"p3","caauplots",256
"29136","Triangle Island","CAAU",2009,"p3","caauplots",153
"29192","Triangle Island","CAAU",2014,"p3","caauplots",208
"30536","Triangle Island","CAAU",1989,"p4","caauplots",305
"30592","Triangle Island","CAAU",1994,"p4","caauplots",288
"30648","Triangle Island","CAAU",1999,"p4","caauplots",233
"30704","Triangle Island","CAAU",2004,"p4","caauplots",237
"30760","Triangle Island","CAAU",2009,"p4","caauplots",196
"30816","Triangle Island","CAAU",2014,"p4","caauplots",264
"32160","Triangle Island","CAAU",1989,"p5","caauplots",139
"32216","Triangle Island","CAAU",1994,"p5","caauplots",153
"32272","Triangle Island","CAAU",1999,"p5","caauplots",143
"32328","Triangle Island","CAAU",2004,"p5","caauplots",151
"32384","Triangle Island","CAAU",2009,"p5","caauplots",149
"32440","Triangle Island","CAAU",2014,"p5","caauplots",135
"33784","Triangle Island","CAAU",1989,"p6","caauplots",182
"33840","Triangle Island","CAAU",1994,"p6","caauplots",181
"33896","Triangle Island","CAAU",1999,"p6","caauplots",158
"33952","Triangle Island","CAAU",2004,"p6","caauplots",160
"34008","Triangle Island","CAAU",2009,"p6","caauplots",170
"34064","Triangle Island","CAAU",2014,"p6","caauplots",205
"35408","Triangle Island","CAAU",1989,"p7","caauplots",126
"35464","Triangle Island","CAAU",1994,"p7","caauplots",129
"35520","Triangle Island","CAAU",1999,"p7","caauplots",95
"35576","Triangle Island","CAAU",2004,"p7","caauplots",98
"35632","Triangle Island","CAAU",2009,"p7","caauplots",91
"35688","Triangle Island","CAAU",2014,"p7","caauplots",117
"37032","Triangle Island","CAAU",1989,"p8","caauplots",171
"37088","Triangle Island","CAAU",1994,"p8","caauplots",149
"37144","Triangle Island","CAAU",1999,"p8","caauplots",113
"37200","Triangle Island","CAAU",2004,"p8","caauplots",136
"37256","Triangle Island","CAAU",2009,"p8","caauplots",111
"37312","Triangle Island","CAAU",2014,"p8","caauplots",107
"38656","Triangle Island","CAAU",1989,"p9","caauplots",247
"38712","Triangle Island","CAAU",1994,"p9","caauplots",204
"38768","Triangle Island","CAAU",1999,"p9","caauplots",149
"38824","Triangle Island","CAAU",2004,"p9","caauplots",173
"38880","Triangle Island","CAAU",2009,"p9","caauplots",158
"38936","Triangle Island","CAAU",2014,"p9","caauplots",140
"40280","Triangle Island","CAAU",1989,"p10","caauplots",247
"40448","Triangle Island","CAAU",2004,"p10","caauplots",124
"40504","Triangle Island","CAAU",2009,"p10","caauplots",116
"40560","Triangle Island","CAAU",2014,"p10","caauplots",148
"41904","Triangle Island","CAAU",1989,"p11","caauplots",221
"41960","Triangle Island","CAAU",1994,"p11","caauplots",200
"42016","Triangle Island","CAAU",1999,"p11","caauplots",161
"42072","Triangle Island","CAAU",2004,"p11","caauplots",182
"42128","Triangle Island","CAAU",2009,"p11","caauplots",176
"42184","Triangle Island","CAAU",2014,"p11","caauplots",249
"43528","Triangle Island","CAAU",1989,"p12","caauplots",379
"43584","Triangle Island","CAAU",1994,"p12","caauplots",291
"43640","Triangle Island","CAAU",1999,"p12","caauplots",155
"43696","Triangle Island","CAAU",2004,"p12","caauplots",192
"43752","Triangle Island","CAAU",2009,"p12","caauplots",137
"43808","Triangle Island","CAAU",2014,"p12","caauplots",183
"45152","Triangle Island","CAAU",1989,"p13","caauplots",122
"45320","Triangle Island","CAAU",2004,"p13","caauplots",71
"45376","Triangle Island","CAAU",2009,"p13","caauplots",77
"45432","Triangle Island","CAAU",2014,"p13","caauplots",105
"46776","Triangle Island","CAAU",1989,"p14","caauplots",99
"46944","Triangle Island","CAAU",2004,"p14","caauplots",39
"47000","Triangle Island","CAAU",2009,"p14","caauplots",23
"47056","Triangle Island","CAAU",2014,"p14","caauplots",27
"48400","Triangle Island","CAAU",1989,"p15","caauplots",354
"48568","Triangle Island","CAAU",2004,"p15","caauplots",181
"48624","Triangle Island","CAAU",2009,"p15","caauplots",175
"48680","Triangle Island","CAAU",2014,"p15","caauplots",257
"48736","Triangle Island","CAAU",1984,"p1","rhauplots",11
"50024","Triangle Island","CAAU",1989,"p1","rhauplots",39
"50080","Triangle Island","CAAU",1994,"p1","rhauplots",4
"50136","Triangle Island","CAAU",1999,"p1","rhauplots",9
"50192","Triangle Island","CAAU",2004,"p1","rhauplots",11
"50248","Triangle Island","CAAU",2009,"p1","rhauplots",0
"50304","Triangle Island","CAAU",2014,"p1","rhauplots",4
"50360","Triangle Island","CAAU",1984,"p2","rhauplots",3
"51648","Triangle Island","CAAU",1989,"p2","rhauplots",17
"51704","Triangle Island","CAAU",1994,"p2","rhauplots",12
"51760","Triangle Island","CAAU",1999,"p2","rhauplots",6
"51816","Triangle Island","CAAU",2004,"p2","rhauplots",0
"51872","Triangle Island","CAAU",2009,"p2","rhauplots",0
"51928","Triangle Island","CAAU",2014,"p2","rhauplots",2
"51984","Triangle Island","CAAU",1984,"p3","rhauplots",3
"53272","Triangle Island","CAAU",1989,"p3","rhauplots",4
"53496","Triangle Island","CAAU",2009,"p3","rhauplots",0
"53552","Triangle Island","CAAU",2014,"p3","rhauplots",0
"53608","Triangle Island","CAAU",1984,"p4","rhauplots",15
"54896","Triangle Island","CAAU",1989,"p4","rhauplots",20
"54952","Triangle Island","CAAU",1994,"p4","rhauplots",27
"55008","Triangle Island","CAAU",1999,"p4","rhauplots",8
"55064","Triangle Island","CAAU",2004,"p4","rhauplots",9
"55120","Triangle Island","CAAU",2009,"p4","rhauplots",8
"55176","Triangle Island","CAAU",2014,"p4","rhauplots",12
"55232","Triangle Island","CAAU",1984,"p5","rhauplots",19
"56520","Triangle Island","CAAU",1989,"p5","rhauplots",6
"56576","Triangle Island","CAAU",1994,"p5","rhauplots",5
"56632","Triangle Island","CAAU",1999,"p5","rhauplots",4
"56688","Triangle Island","CAAU",2004,"p5","rhauplots",0
"56744","Triangle Island","CAAU",2009,"p5","rhauplots",1
"56800","Triangle Island","CAAU",2014,"p5","rhauplots",6
"56856","Triangle Island","CAAU",1984,"p6","rhauplots",23
"58144","Triangle Island","CAAU",1989,"p6","rhauplots",64
"58200","Triangle Island","CAAU",1994,"p6","rhauplots",54
"58256","Triangle Island","CAAU",1999,"p6","rhauplots",25
"58312","Triangle Island","CAAU",2004,"p6","rhauplots",20
"58368","Triangle Island","CAAU",2009,"p6","rhauplots",6
"58424","Triangle Island","CAAU",2014,"p6","rhauplots",12
"59992","Triangle Island","CAAU",2009,"p7","rhauplots",26
"60048","Triangle Island","CAAU",2014,"p7","rhauplots",75
"61616","Triangle Island","CAAU",2009,"p8","rhauplots",5
"61672","Triangle Island","CAAU",2014,"p8","rhauplots",15
"73096","Triangle Island","CAAU",1984,"p1","tupuplots",21
"74384","Triangle Island","CAAU",1989,"p1","tupuplots",40
"74440","Triangle Island","CAAU",1994,"p1","tupuplots",38
"74496","Triangle Island","CAAU",1999,"p1","tupuplots",20
"74552","Triangle Island","CAAU",2004,"p1","tupuplots",28
"74608","Triangle Island","CAAU",2009,"p1","tupuplots",20
"74664","Triangle Island","CAAU",2014,"p1","tupuplots",87
"74720","Triangle Island","CAAU",1984,"p2","tupuplots",6
"76008","Triangle Island","CAAU",1989,"p2","tupuplots",9
"76064","Triangle Island","CAAU",1994,"p2","tupuplots",38
"76120","Triangle Island","CAAU",1999,"p2","tupuplots",31
"76176","Triangle Island","CAAU",2004,"p2","tupuplots",12
"76232","Triangle Island","CAAU",2009,"p2","tupuplots",1
"76288","Triangle Island","CAAU",2014,"p2","tupuplots",51
"76344","Triangle Island","CAAU",1984,"p3","tupuplots",393
"77632","Triangle Island","CAAU",1989,"p3","tupuplots",440
"77688","Triangle Island","CAAU",1994,"p3","tupuplots",401
"77744","Triangle Island","CAAU",1999,"p3","tupuplots",345
"77800","Triangle Island","CAAU",2004,"p3","tupuplots",368
"77856","Triangle Island","CAAU",2009,"p3","tupuplots",300
"77912","Triangle Island","CAAU",2014,"p3","tupuplots",503
"77968","Triangle Island","CAAU",1984,"p4","tupuplots",49
"79256","Triangle Island","CAAU",1989,"p4","tupuplots",72
"79312","Triangle Island","CAAU",1994,"p4","tupuplots",114
"79368","Triangle Island","CAAU",1999,"p4","tupuplots",73
"79424","Triangle Island","CAAU",2004,"p4","tupuplots",32
"79480","Triangle Island","CAAU",2009,"p4","tupuplots",27
"81160","Triangle Island","CAAU",2014,"p5","tupuplots",96
"48738","Pine Island","RHAU",1984,"p1","rhauplots",76
"49298","Pine Island","RHAU",2001,"p1","rhauplots",83
"49354","Pine Island","RHAU",2006,"p1","rhauplots",81
"49410","Pine Island","RHAU",2011,"p1","rhauplots",80
"50362","Pine Island","RHAU",1984,"p2","rhauplots",99
"50922","Pine Island","RHAU",2001,"p2","rhauplots",73
"50978","Pine Island","RHAU",2006,"p2","rhauplots",73
"51034","Pine Island","RHAU",2011,"p2","rhauplots",74
"51986","Pine Island","RHAU",1984,"p3","rhauplots",91
"52434","Pine Island","RHAU",1987,"p3","rhauplots",91
"52490","Pine Island","RHAU",1990,"p3","rhauplots",112
"52546","Pine Island","RHAU",2001,"p3","rhauplots",75
"52602","Pine Island","RHAU",2006,"p3","rhauplots",75
"52658","Pine Island","RHAU",2011,"p3","rhauplots",75
"52714","Pine Island","RHAU",2016,"p3","rhauplots",66
"53610","Pine Island","RHAU",1984,"p4","rhauplots",19
"53946","Pine Island","RHAU",1985,"p4","rhauplots",20
"54002","Pine Island","RHAU",1986,"p4","rhauplots",21
"54058","Pine Island","RHAU",1987,"p4","rhauplots",21
"54114","Pine Island","RHAU",1990,"p4","rhauplots",26
"54170","Pine Island","RHAU",2001,"p4","rhauplots",14
"54226","Pine Island","RHAU",2006,"p4","rhauplots",11
"54282","Pine Island","RHAU",2011,"p4","rhauplots",12
"54338","Pine Island","RHAU",2016,"p4","rhauplots",14
"55234","Pine Island","RHAU",1984,"p5","rhauplots",56
"55570","Pine Island","RHAU",1985,"p5","rhauplots",58
"55626","Pine Island","RHAU",1986,"p5","rhauplots",62
"55682","Pine Island","RHAU",1987,"p5","rhauplots",61
"55738","Pine Island","RHAU",1990,"p5","rhauplots",63
"55794","Pine Island","RHAU",2001,"p5","rhauplots",36
"55850","Pine Island","RHAU",2006,"p5","rhauplots",53
"55906","Pine Island","RHAU",2011,"p5","rhauplots",42
"55962","Pine Island","RHAU",2016,"p5","rhauplots",53
"56858","Pine Island","RHAU",1984,"p6","rhauplots",125
"57418","Pine Island","RHAU",2001,"p6","rhauplots",104
"57474","Pine Island","RHAU",2006,"p6","rhauplots",116
"57530","Pine Island","RHAU",2011,"p6","rhauplots",123
"57586","Pine Island","RHAU",2016,"p6","rhauplots",126
"58482","Pine Island","RHAU",1984,"p7","rhauplots",55
"58930","Pine Island","RHAU",1987,"p7","rhauplots",58
"58986","Pine Island","RHAU",1990,"p7","rhauplots",60
"59042","Pine Island","RHAU",2001,"p7","rhauplots",31
"59098","Pine Island","RHAU",2006,"p7","rhauplots",28
"59154","Pine Island","RHAU",2011,"p7","rhauplots",25
"59210","Pine Island","RHAU",2016,"p7","rhauplots",20
"60106","Pine Island","RHAU",1984,"p8","rhauplots",64
"60554","Pine Island","RHAU",1987,"p8","rhauplots",62
"60610","Pine Island","RHAU",1990,"p8","rhauplots",62
"60666","Pine Island","RHAU",2001,"p8","rhauplots",37
"60722","Pine Island","RHAU",2006,"p8","rhauplots",36
"60778","Pine Island","RHAU",2011,"p8","rhauplots",34
"60834","Pine Island","RHAU",2016,"p8","rhauplots",38
"48739","Lucy Islands","RHAU",1984,"p1","rhauplots",30
"49187","Lucy Islands","RHAU",1987,"p1","rhauplots",48
"49355","Lucy Islands","RHAU",2006,"p1","rhauplots",38
"49411","Lucy Islands","RHAU",2011,"p1","rhauplots",41
"49467","Lucy Islands","RHAU",2016,"p1","rhauplots",46
"50363","Lucy Islands","RHAU",1984,"p2","rhauplots",22
"50811","Lucy Islands","RHAU",1987,"p2","rhauplots",33
"50979","Lucy Islands","RHAU",2006,"p2","rhauplots",58
"51035","Lucy Islands","RHAU",2011,"p2","rhauplots",58
"51091","Lucy Islands","RHAU",2016,"p2","rhauplots",51
"51987","Lucy Islands","RHAU",1984,"p3","rhauplots",50
"52435","Lucy Islands","RHAU",1987,"p3","rhauplots",47
"52771","Lucy Islands","RHAU",2008,"p3","rhauplots",39
"52659","Lucy Islands","RHAU",2011,"p3","rhauplots",46
"52715","Lucy Islands","RHAU",2016,"p3","rhauplots",31
"53611","Lucy Islands","RHAU",1984,"p4","rhauplots",54
"54059","Lucy Islands","RHAU",1987,"p4","rhauplots",78
"54227","Lucy Islands","RHAU",2006,"p4","rhauplots",63
"54283","Lucy Islands","RHAU",2011,"p4","rhauplots",56
"54339","Lucy Islands","RHAU",2016,"p4","rhauplots",51
"55235","Lucy Islands","RHAU",1984,"p5","rhauplots",26
"55683","Lucy Islands","RHAU",1987,"p5","rhauplots",38
"55907","Lucy Islands","RHAU",2011,"p5","rhauplots",30
"55963","Lucy Islands","RHAU",2016,"p5","rhauplots",36
"49076","Skaang Gwai","RHAU",1985,"p1","rhauplots",9
"49356","Skaang Gwai","RHAU",2006,"p1","rhauplots",19
"49412","Skaang Gwai","RHAU",2011,"p1","rhauplots",24
"49468","Skaang Gwai","RHAU",2016,"p1","rhauplots",24
"50700","Skaang Gwai","RHAU",1985,"p2","rhauplots",18
"50980","Skaang Gwai","RHAU",2006,"p2","rhauplots",17
"51036","Skaang Gwai","RHAU",2011,"p2","rhauplots",18
"51092","Skaang Gwai","RHAU",2016,"p2","rhauplots",24
"52324","Skaang Gwai","RHAU",1985,"p3","rhauplots",46
"52604","Skaang Gwai","RHAU",2006,"p3","rhauplots",56
"52660","Skaang Gwai","RHAU",2011,"p3","rhauplots",73
"52716","Skaang Gwai","RHAU",2016,"p3","rhauplots",61
"53948","Skaang Gwai","RHAU",1985,"p4","rhauplots",36
"54228","Skaang Gwai","RHAU",2006,"p4","rhauplots",39
"54284","Skaang Gwai","RHAU",2011,"p4","rhauplots",39
"54340","Skaang Gwai","RHAU",2016,"p4","rhauplots",51
"55572","Skaang Gwai","RHAU",1985,"p5","rhauplots",46
"57196","Skaang Gwai","RHAU",1985,"p6","rhauplots",49
"57476","Skaang Gwai","RHAU",2006,"p6","rhauplots",82
"57532","Skaang Gwai","RHAU",2011,"p6","rhauplots",92
"57588","Skaang Gwai","RHAU",2016,"p6","rhauplots",86
"58820","Skaang Gwai","RHAU",1985,"p7","rhauplots",21
"59100","Skaang Gwai","RHAU",2006,"p7","rhauplots",23
"59156","Skaang Gwai","RHAU",2011,"p7","rhauplots",27
"59212","Skaang Gwai","RHAU",2016,"p7","rhauplots",28
"60444","Skaang Gwai","RHAU",1985,"p8","rhauplots",32
"60724","Skaang Gwai","RHAU",2006,"p8","rhauplots",82
"60780","Skaang Gwai","RHAU",2011,"p8","rhauplots",90
"60836","Skaang Gwai","RHAU",2016,"p8","rhauplots",94
"25840","Triangle Island","RHAU",2004,"p1","caauplots",0
"25896","Triangle Island","RHAU",2009,"p1","caauplots",0
"25952","Triangle Island","RHAU",2014,"p1","caauplots",0
"27464","Triangle Island","RHAU",2004,"p2","caauplots",0
"27520","Triangle Island","RHAU",2009,"p2","caauplots",0
"27576","Triangle Island","RHAU",2014,"p2","caauplots",0
"29088","Triangle Island","RHAU",2004,"p3","caauplots",0
"29144","Triangle Island","RHAU",2009,"p3","caauplots",0
"29200","Triangle Island","RHAU",2014,"p3","caauplots",0
"30712","Triangle Island","RHAU",2004,"p4","caauplots",0
"30768","Triangle Island","RHAU",2009,"p4","caauplots",0
"30824","Triangle Island","RHAU",2014,"p4","caauplots",0
"32336","Triangle Island","RHAU",2004,"p5","caauplots",0
"32392","Triangle Island","RHAU",2009,"p5","caauplots",0
"32448","Triangle Island","RHAU",2014,"p5","caauplots",0
"33960","Triangle Island","RHAU",2004,"p6","caauplots",0
"34016","Triangle Island","RHAU",2009,"p6","caauplots",0
"34072","Triangle Island","RHAU",2014,"p6","caauplots",0
"35584","Triangle Island","RHAU",2004,"p7","caauplots",0
"35640","Triangle Island","RHAU",2009,"p7","caauplots",0
"35696","Triangle Island","RHAU",2014,"p7","caauplots",0
"37208","Triangle Island","RHAU",2004,"p8","caauplots",0
"37264","Triangle Island","RHAU",2009,"p8","caauplots",0
"37320","Triangle Island","RHAU",2014,"p8","caauplots",0
"38832","Triangle Island","RHAU",2004,"p9","caauplots",0
"38888","Triangle Island","RHAU",2009,"p9","caauplots",0
"38944","Triangle Island","RHAU",2014,"p9","caauplots",2
"40456","Triangle Island","RHAU",2004,"p10","caauplots",0
"40512","Triangle Island","RHAU",2009,"p10","caauplots",0
"40568","Triangle Island","RHAU",2014,"p10","caauplots",8
"42080","Triangle Island","RHAU",2004,"p11","caauplots",3
"42136","Triangle Island","RHAU",2009,"p11","caauplots",1
"42192","Triangle Island","RHAU",2014,"p11","caauplots",2
"43704","Triangle Island","RHAU",2004,"p12","caauplots",3
"43760","Triangle Island","RHAU",2009,"p12","caauplots",32
"43816","Triangle Island","RHAU",2014,"p12","caauplots",35
"45328","Triangle Island","RHAU",2004,"p13","caauplots",0
"45384","Triangle Island","RHAU",2009,"p13","caauplots",0
"45440","Triangle Island","RHAU",2014,"p13","caauplots",0
"46952","Triangle Island","RHAU",2004,"p14","caauplots",6
"47008","Triangle Island","RHAU",2009,"p14","caauplots",35
"47064","Triangle Island","RHAU",2014,"p14","caauplots",34
"48576","Triangle Island","RHAU",2004,"p15","caauplots",0
"48632","Triangle Island","RHAU",2009,"p15","caauplots",3
"48688","Triangle Island","RHAU",2014,"p15","caauplots",9
"48744","Triangle Island","RHAU",1984,"p1","rhauplots",27
"50032","Triangle Island","RHAU",1989,"p1","rhauplots",55
"50088","Triangle Island","RHAU",1994,"p1","rhauplots",37
"50144","Triangle Island","RHAU",1999,"p1","rhauplots",40
"50200","Triangle Island","RHAU",2004,"p1","rhauplots",34
"50256","Triangle Island","RHAU",2009,"p1","rhauplots",66
"50312","Triangle Island","RHAU",2014,"p1","rhauplots",50
"50368","Triangle Island","RHAU",1984,"p2","rhauplots",55
"51656","Triangle Island","RHAU",1989,"p2","rhauplots",98
"51712","Triangle Island","RHAU",1994,"p2","rhauplots",79
"51768","Triangle Island","RHAU",1999,"p2","rhauplots",95
"51824","Triangle Island","RHAU",2004,"p2","rhauplots",89
"51880","Triangle Island","RHAU",2009,"p2","rhauplots",106
"51936","Triangle Island","RHAU",2014,"p2","rhauplots",72
"51992","Triangle Island","RHAU",1984,"p3","rhauplots",119
"53280","Triangle Island","RHAU",1989,"p3","rhauplots",83
"53504","Triangle Island","RHAU",2009,"p3","rhauplots",43
"53560","Triangle Island","RHAU",2014,"p3","rhauplots",34
"53616","Triangle Island","RHAU",1984,"p4","rhauplots",83
"54904","Triangle Island","RHAU",1989,"p4","rhauplots",53
"54960","Triangle Island","RHAU",1994,"p4","rhauplots",65
"55016","Triangle Island","RHAU",1999,"p4","rhauplots",87
"55072","Triangle Island","RHAU",2004,"p4","rhauplots",74
"55128","Triangle Island","RHAU",2009,"p4","rhauplots",107
"55184","Triangle Island","RHAU",2014,"p4","rhauplots",81
"55240","Triangle Island","RHAU",1984,"p5","rhauplots",128
"56528","Triangle Island","RHAU",1989,"p5","rhauplots",81
"56584","Triangle Island","RHAU",1994,"p5","rhauplots",81
"56640","Triangle Island","RHAU",1999,"p5","rhauplots",125
"56696","Triangle Island","RHAU",2004,"p5","rhauplots",99
"56752","Triangle Island","RHAU",2009,"p5","rhauplots",149
"56808","Triangle Island","RHAU",2014,"p5","rhauplots",113
"56864","Triangle Island","RHAU",1984,"p6","rhauplots",123
"58152","Triangle Island","RHAU",1989,"p6","rhauplots",75
"58208","Triangle Island","RHAU",1994,"p6","rhauplots",82
"58264","Triangle Island","RHAU",1999,"p6","rhauplots",134
"58320","Triangle Island","RHAU",2004,"p6","rhauplots",102
"58376","Triangle Island","RHAU",2009,"p6","rhauplots",157
"58432","Triangle Island","RHAU",2014,"p6","rhauplots",143
"60000","Triangle Island","RHAU",2009,"p7","rhauplots",66
"60056","Triangle Island","RHAU",2014,"p7","rhauplots",67
"61624","Triangle Island","RHAU",2009,"p8","rhauplots",144
"61680","Triangle Island","RHAU",2014,"p8","rhauplots",118
"24391","Rankine Island","StormPetrel",1984,"p1","caauplots",2
"25511","Rankine Island","StormPetrel",2000,"p1","caauplots",1
"25567","Rankine Island","StormPetrel",2005,"p1","caauplots",2
"25623","Rankine Island","StormPetrel",2010,"p1","caauplots",2
"25455","Rankine Island","StormPetrel",2017,"p1","caauplots",9
"26015","Rankine Island","StormPetrel",1984,"p2","caauplots",4
"27135","Rankine Island","StormPetrel",2000,"p2","caauplots",6
"27191","Rankine Island","StormPetrel",2005,"p2","caauplots",3
"27247","Rankine Island","StormPetrel",2010,"p2","caauplots",10
"27079","Rankine Island","StormPetrel",2017,"p2","caauplots",11
"27639","Rankine Island","StormPetrel",1984,"p3","caauplots",13
"28759","Rankine Island","StormPetrel",2000,"p3","caauplots",26
"28815","Rankine Island","StormPetrel",2005,"p3","caauplots",25
"28871","Rankine Island","StormPetrel",2010,"p3","caauplots",26
"28703","Rankine Island","StormPetrel",2017,"p3","caauplots",32
"29263","Rankine Island","StormPetrel",1984,"p4","caauplots",2
"30383","Rankine Island","StormPetrel",2000,"p4","caauplots",4
"30439","Rankine Island","StormPetrel",2005,"p4","caauplots",5
"30495","Rankine Island","StormPetrel",2010,"p4","caauplots",5
"30327","Rankine Island","StormPetrel",2017,"p4","caauplots",4
"30887","Rankine Island","StormPetrel",1984,"p5","caauplots",0
"32007","Rankine Island","StormPetrel",2000,"p5","caauplots",1
"32063","Rankine Island","StormPetrel",2005,"p5","caauplots",0
"32119","Rankine Island","StormPetrel",2010,"p5","caauplots",0
"31951","Rankine Island","StormPetrel",2017,"p5","caauplots",2
"32511","Rankine Island","StormPetrel",1984,"p6","caauplots",1
"33631","Rankine Island","StormPetrel",2000,"p6","caauplots",1
"33687","Rankine Island","StormPetrel",2005,"p6","caauplots",0
"33743","Rankine Island","StormPetrel",2010,"p6","caauplots",4
"33575","Rankine Island","StormPetrel",2017,"p6","caauplots",15
"34135","Rankine Island","StormPetrel",1984,"p7","caauplots",0
"35255","Rankine Island","StormPetrel",2000,"p7","caauplots",0
"35311","Rankine Island","StormPetrel",2005,"p7","caauplots",0
"35367","Rankine Island","StormPetrel",2010,"p7","caauplots",0
"35199","Rankine Island","StormPetrel",2017,"p7","caauplots",1
"35759","Rankine Island","StormPetrel",1984,"p8","caauplots",0
"36879","Rankine Island","StormPetrel",2000,"p8","caauplots",0
"36935","Rankine Island","StormPetrel",2005,"p8","caauplots",0
"36991","Rankine Island","StormPetrel",2010,"p8","caauplots",2
"36823","Rankine Island","StormPetrel",2017,"p8","caauplots",7
"24399","Rankine Island","ANMU ",1984,"p1","caauplots",0
"25519","Rankine Island","ANMU ",2000,"p1","caauplots",0
"25575","Rankine Island","ANMU ",2005,"p1","caauplots",0
"25631","Rankine Island","ANMU ",2010,"p1","caauplots",0
"25463","Rankine Island","ANMU ",2017,"p1","caauplots",0
"26023","Rankine Island","ANMU ",1984,"p2","caauplots",0
"27143","Rankine Island","ANMU ",2000,"p2","caauplots",0
"27199","Rankine Island","ANMU ",2005,"p2","caauplots",0
"27255","Rankine Island","ANMU ",2010,"p2","caauplots",0
"27087","Rankine Island","ANMU ",2017,"p2","caauplots",2
"27647","Rankine Island","ANMU ",1984,"p3","caauplots",0
"28767","Rankine Island","ANMU ",2000,"p3","caauplots",0
"28823","Rankine Island","ANMU ",2005,"p3","caauplots",0
"28879","Rankine Island","ANMU ",2010,"p3","caauplots",1
"28711","Rankine Island","ANMU ",2017,"p3","caauplots",2
"29271","Rankine Island","ANMU ",1984,"p4","caauplots",0
"30391","Rankine Island","ANMU ",2000,"p4","caauplots",0
"30447","Rankine Island","ANMU ",2005,"p4","caauplots",1
"30503","Rankine Island","ANMU ",2010,"p4","caauplots",0
"30335","Rankine Island","ANMU ",2017,"p4","caauplots",1
"30895","Rankine Island","ANMU ",1984,"p5","caauplots",0
"32015","Rankine Island","ANMU ",2000,"p5","caauplots",0
"32071","Rankine Island","ANMU ",2005,"p5","caauplots",1
"32127","Rankine Island","ANMU ",2010,"p5","caauplots",0
"31959","Rankine Island","ANMU ",2017,"p5","caauplots",0
"32519","Rankine Island","ANMU ",1984,"p6","caauplots",0
"33639","Rankine Island","ANMU ",2000,"p6","caauplots",0
"33695","Rankine Island","ANMU ",2005,"p6","caauplots",1
"33751","Rankine Island","ANMU ",2010,"p6","caauplots",0
"33583","Rankine Island","ANMU ",2017,"p6","caauplots",0
"34143","Rankine Island","ANMU ",1984,"p7","caauplots",0
"35263","Rankine Island","ANMU ",2000,"p7","caauplots",0
"35319","Rankine Island","ANMU ",2005,"p7","caauplots",0
"35375","Rankine Island","ANMU ",2010,"p7","caauplots",0
"35207","Rankine Island","ANMU ",2017,"p7","caauplots",0
"35767","Rankine Island","ANMU ",1984,"p8","caauplots",0
"36887","Rankine Island","ANMU ",2000,"p8","caauplots",0
"36943","Rankine Island","ANMU ",2005,"p8","caauplots",0
"36999","Rankine Island","ANMU ",2010,"p8","caauplots",0
"36831","Rankine Island","ANMU ",2017,"p8","caauplots",1
"25976","Triangle Island","unidentified",2014,"p1","caauplots",0
"27600","Triangle Island","unidentified",2014,"p2","caauplots",0
"29224","Triangle Island","unidentified",2014,"p3","caauplots",0
"30848","Triangle Island","unidentified",2014,"p4","caauplots",0
"32472","Triangle Island","unidentified",2014,"p5","caauplots",0
"34096","Triangle Island","unidentified",2014,"p6","caauplots",0
"35720","Triangle Island","unidentified",2014,"p7","caauplots",0
"37344","Triangle Island","unidentified",2014,"p8","caauplots",0
"38968","Triangle Island","unidentified",2014,"p9","caauplots",0
"40592","Triangle Island","unidentified",2014,"p10","caauplots",2
"42216","Triangle Island","unidentified",2014,"p11","caauplots",0
"43840","Triangle Island","unidentified",2014,"p12","caauplots",2
"45464","Triangle Island","unidentified",2014,"p13","caauplots",0
"47088","Triangle Island","unidentified",2014,"p14","caauplots",0
"48712","Triangle Island","unidentified",2014,"p15","caauplots",1
"48768","Triangle Island","unidentified",1984,"p1","rhauplots",6
"50056","Triangle Island","unidentified",1989,"p1","rhauplots",10
"50112","Triangle Island","unidentified",1994,"p1","rhauplots",0
"50168","Triangle Island","unidentified",1999,"p1","rhauplots",0
"50224","Triangle Island","unidentified",2004,"p1","rhauplots",0
"50280","Triangle Island","unidentified",2009,"p1","rhauplots",0
"50336","Triangle Island","unidentified",2014,"p1","rhauplots",1
"50392","Triangle Island","unidentified",1984,"p2","rhauplots",0
"51680","Triangle Island","unidentified",1989,"p2","rhauplots",15
"51736","Triangle Island","unidentified",1994,"p2","rhauplots",1
"51792","Triangle Island","unidentified",1999,"p2","rhauplots",0
"51848","Triangle Island","unidentified",2004,"p2","rhauplots",0
"51904","Triangle Island","unidentified",2009,"p2","rhauplots",0
"51960","Triangle Island","unidentified",2014,"p2","rhauplots",0
"52016","Triangle Island","unidentified",1984,"p3","rhauplots",0
"53304","Triangle Island","unidentified",1989,"p3","rhauplots",2
"53528","Triangle Island","unidentified",2009,"p3","rhauplots",0
"53584","Triangle Island","unidentified",2014,"p3","rhauplots",0
"53640","Triangle Island","unidentified",1984,"p4","rhauplots",0
"54928","Triangle Island","unidentified",1989,"p4","rhauplots",17
"54984","Triangle Island","unidentified",1994,"p4","rhauplots",1
"55040","Triangle Island","unidentified",1999,"p4","rhauplots",0
"55096","Triangle Island","unidentified",2004,"p4","rhauplots",0
"55152","Triangle Island","unidentified",2009,"p4","rhauplots",0
"55208","Triangle Island","unidentified",2014,"p4","rhauplots",0
"55264","Triangle Island","unidentified",1984,"p5","rhauplots",0
"56552","Triangle Island","unidentified",1989,"p5","rhauplots",21
"56608","Triangle Island","unidentified",1994,"p5","rhauplots",1
"56664","Triangle Island","unidentified",1999,"p5","rhauplots",0
"56720","Triangle Island","unidentified",2004,"p5","rhauplots",0
"56776","Triangle Island","unidentified",2009,"p5","rhauplots",0
"56832","Triangle Island","unidentified",2014,"p5","rhauplots",2
"56888","Triangle Island","unidentified",1984,"p6","rhauplots",0
"58176","Triangle Island","unidentified",1989,"p6","rhauplots",19
"58232","Triangle Island","unidentified",1994,"p6","rhauplots",0
"58288","Triangle Island","unidentified",1999,"p6","rhauplots",4
"58344","Triangle Island","unidentified",2004,"p6","rhauplots",0
"58400","Triangle Island","unidentified",2009,"p6","rhauplots",0
"58456","Triangle Island","unidentified",2014,"p6","rhauplots",0
"60024","Triangle Island","unidentified",2009,"p7","rhauplots",0
"60080","Triangle Island","unidentified",2014,"p7","rhauplots",1
"61648","Triangle Island","unidentified",2009,"p8","rhauplots",0
"61704","Triangle Island","unidentified",2014,"p8","rhauplots",2
"73128","Triangle Island","unidentified",1984,"p1","tupuplots",0
"74416","Triangle Island","unidentified",1989,"p1","tupuplots",0
"74472","Triangle Island","unidentified",1994,"p1","tupuplots",0
"74528","Triangle Island","unidentified",1999,"p1","tupuplots",0
"74584","Triangle Island","unidentified",2004,"p1","tupuplots",0
"74640","Triangle Island","unidentified",2009,"p1","tupuplots",0
"74696","Triangle Island","unidentified",2014,"p1","tupuplots",1
"74752","Triangle Island","unidentified",1984,"p2","tupuplots",0
"76040","Triangle Island","unidentified",1989,"p2","tupuplots",0
"76096","Triangle Island","unidentified",1994,"p2","tupuplots",0
"76152","Triangle Island","unidentified",1999,"p2","tupuplots",0
"76208","Triangle Island","unidentified",2004,"p2","tupuplots",0
"76264","Triangle Island","unidentified",2009,"p2","tupuplots",0
"76320","Triangle Island","unidentified",2014,"p2","tupuplots",0
"76376","Triangle Island","unidentified",1984,"p3","tupuplots",0
"77664","Triangle Island","unidentified",1989,"p3","tupuplots",0
"77720","Triangle Island","unidentified",1994,"p3","tupuplots",0
"77776","Triangle Island","unidentified",1999,"p3","tupuplots",0
"77832","Triangle Island","unidentified",2004,"p3","tupuplots",0
"77888","Triangle Island","unidentified",2009,"p3","tupuplots",0
"77944","Triangle Island","unidentified",2014,"p3","tupuplots",0
"78000","Triangle Island","unidentified",1984,"p4","tupuplots",0
"79288","Triangle Island","unidentified",1989,"p4","tupuplots",0
"79344","Triangle Island","unidentified",1994,"p4","tupuplots",0
"79400","Triangle Island","unidentified",1999,"p4","tupuplots",0
"79456","Triangle Island","unidentified",2004,"p4","tupuplots",0
"79512","Triangle Island","unidentified",2009,"p4","tupuplots",0
"81192","Triangle Island","unidentified",2014,"p5","tupuplots",1
"73136","Triangle Island","TUPU",1984,"p1","tupuplots",98
"74424","Triangle Island","TUPU",1989,"p1","tupuplots",100
"74480","Triangle Island","TUPU",1994,"p1","tupuplots",72
"74536","Triangle Island","TUPU",1999,"p1","tupuplots",94
"74592","Triangle Island","TUPU",2004,"p1","tupuplots",71
"74648","Triangle Island","TUPU",2009,"p1","tupuplots",84
"74704","Triangle Island","TUPU",2014,"p1","tupuplots",74
"74760","Triangle Island","TUPU",1984,"p2","tupuplots",69
"76048","Triangle Island","TUPU",1989,"p2","tupuplots",97
"76104","Triangle Island","TUPU",1994,"p2","tupuplots",75
"76160","Triangle Island","TUPU",1999,"p2","tupuplots",71
"76216","Triangle Island","TUPU",2004,"p2","tupuplots",61
"76272","Triangle Island","TUPU",2009,"p2","tupuplots",71
"76328","Triangle Island","TUPU",2014,"p2","tupuplots",45
"76384","Triangle Island","TUPU",1984,"p3","tupuplots",16
"77672","Triangle Island","TUPU",1989,"p3","tupuplots",12
"77728","Triangle Island","TUPU",1994,"p3","tupuplots",7
"77784","Triangle Island","TUPU",1999,"p3","tupuplots",8
"77840","Triangle Island","TUPU",2004,"p3","tupuplots",7
"77896","Triangle Island","TUPU",2009,"p3","tupuplots",11
"77952","Triangle Island","TUPU",2014,"p3","tupuplots",33
"78008","Triangle Island","TUPU",1984,"p4","tupuplots",64
"79296","Triangle Island","TUPU",1989,"p4","tupuplots",67
"79352","Triangle Island","TUPU",1994,"p4","tupuplots",51
"79408","Triangle Island","TUPU",1999,"p4","tupuplots",57
"79464","Triangle Island","TUPU",2004,"p4","tupuplots",36
"79520","Triangle Island","TUPU",2009,"p4","tupuplots",61
"81200","Triangle Island","TUPU",2014,"p5","tupuplots",59
